Country Name,Country Code,Series Name,Series Code,2015 [YR2015]
Afghanistan,AFG,"GDP per capita, PPP (constant 2011 international $)",NY.GDP.PCAP.PP.KD,1809.01648820483
Afghanistan,AFG,"School enrollment, primary (% net)",SE.PRM.NENR,..
Afghanistan,AFG,"School enrollment, primary (% gross)",SE.PRM.ENRR,107.225357055664
Albania,ALB,"GDP per capita, PPP (constant 2011 international $)",NY.GDP.PCAP.PP.KD,10971.2925173789
Albania,ALB,"School enrollment, primary (% net)",SE.PRM.NENR,95.1996002197266
Albania,ALB,"School enrollment, primary (% gross)",SE.PRM.ENRR,109.76244354248
Algeria,DZA,"GDP per capita, PPP (constant 2011 international $)",NY.GDP.PCAP.PP.KD,13724.723852895
Algeria,DZA,"School enrollment, primary (% net)",SE.PRM.NENR,97.508171081543
Algeria,DZA,"School enrollment, primary (% gross)",SE.PRM.ENRR,115.718521118164
American Samoa,ASM,"GDP per capita, PPP (constant 2011 international $)",NY.GDP.PCAP.PP.KD,..
American Samoa,ASM,"School enrollment, primary (% net)",SE.PRM.NENR,..
American Samoa,ASM,"School enrollment, primary (% gross)",SE.PRM.ENRR,..
Andorra,AND,"GDP per capita, PPP (constant 2011 international $)",NY.GDP.PCAP.PP.KD,..
Andorra,AND,"School enrollment, primary (% net)",SE.PRM.NENR,..
Andorra,AND,"School enrollment, primary (% gross)",SE.PRM.ENRR,..
Angola,AGO,"GDP per capita, PPP (constant 2011 international $)",NY.GDP.PCAP.PP.KD,6231.06799206401
Angola,AGO,"School enrollment, primary (% net)",SE.PRM.NENR,..
Angola,AGO,"School enrollment, primary (% gross)",SE.PRM.ENRR,..
Antigua and Barbuda,ATG,"GDP per capita, PPP (constant 2011 international $)",NY.GDP.PCAP.PP.KD,20154.9474879241
Antigua and Barbuda,ATG,"School enrollment, primary (% net)",SE.PRM.NENR,78.57763671875
Antigua and Barbuda,ATG,"School enrollment, primary (% gross)",SE.PRM.ENRR,87.6108474731445
Arab World,ARB,"GDP per capita, PPP (constant 2011 international $)",NY.GDP.PCAP.PP.KD,15304.9964447023
Arab World,ARB,"School enrollment, primary (% net)",SE.PRM.NENR,83.0879287719727
Arab World,ARB,"School enrollment, primary (% gross)",SE.PRM.ENRR,95.97103
Argentina,ARG,"GDP per capita, PPP (constant 2011 international $)",NY.GDP.PCAP.PP.KD,19101.2973920688
Argentina,ARG,"School enrollment, primary (% net)",SE.PRM.NENR,99.3935928344727
Argentina,ARG,"School enrollment, primary (% gross)",SE.PRM.ENRR,109.926261901855
Armenia,ARM,"GDP per capita, PPP (constant 2011 international $)",NY.GDP.PCAP.PP.KD,8195.93364956571
Armenia,ARM,"School enrollment, primary (% net)",SE.PRM.NENR,92.4729690551758
Armenia,ARM,"School enrollment, primary (% gross)",SE.PRM.ENRR,94.7756576538086
Aruba,ABW,"GDP per capita, PPP (constant 2011 international $)",NY.GDP.PCAP.PP.KD,..
Aruba,ABW,"School enrollment, primary (% net)",SE.PRM.NENR,..
Aruba,ABW,"School enrollment, primary (% gross)",SE.PRM.ENRR,..
Australia,AUS,"GDP per capita, PPP (constant 2011 international $)",NY.GDP.PCAP.PP.KD,43719.5021648696
Australia,AUS,"School enrollment, primary (% net)",SE.PRM.NENR,96.992561340332
Australia,AUS,"School enrollment, primary (% gross)",SE.PRM.ENRR,102.223190307617
Austria,AUT,"GDP per capita, PPP (constant 2011 international $)",NY.GDP.PCAP.PP.KD,44353.8752139122
Austria,AUT,"School enrollment, primary (% net)",SE.PRM.NENR,..
Austria,AUT,"School enrollment, primary (% gross)",SE.PRM.ENRR,101.80110168457
Azerbaijan,AZE,"GDP per capita, PPP (constant 2011 international $)",NY.GDP.PCAP.PP.KD,16698.8636532538
Azerbaijan,AZE,"School enrollment, primary (% net)",SE.PRM.NENR,94.1426467895508
Azerbaijan,AZE,"School enrollment, primary (% gross)",SE.PRM.ENRR,106.601486206055
"Bahamas, The",BHS,"GDP per capita, PPP (constant 2011 international $)",NY.GDP.PCAP.PP.KD,21081.1124002994
"Bahamas, The",BHS,"School enrollment, primary (% net)",SE.PRM.NENR,..
"Bahamas, The",BHS,"School enrollment, primary (% gross)",SE.PRM.ENRR,..
Bahrain,BHR,"GDP per capita, PPP (constant 2011 international $)",NY.GDP.PCAP.PP.KD,43926.474036316
Bahrain,BHR,"School enrollment, primary (% net)",SE.PRM.NENR,96.4248962402344
Bahrain,BHR,"School enrollment, primary (% gross)",SE.PRM.ENRR,101.167381286621
Bangladesh,BGD,"GDP per capita, PPP (constant 2011 international $)",NY.GDP.PCAP.PP.KD,3132.56754015214
Bangladesh,BGD,"School enrollment, primary (% net)",SE.PRM.NENR,..
Bangladesh,BGD,"School enrollment, primary (% gross)",SE.PRM.ENRR,120.008529663086
Barbados,BRB,"GDP per capita, PPP (constant 2011 international $)",NY.GDP.PCAP.PP.KD,16460.1541131793
Barbados,BRB,"School enrollment, primary (% net)",SE.PRM.NENR,90.9252700805664
Barbados,BRB,"School enrollment, primary (% gross)",SE.PRM.ENRR,93.0115737915039
Belarus,BLR,"GDP per capita, PPP (constant 2011 international $)",NY.GDP.PCAP.PP.KD,17229.5551904045
Belarus,BLR,"School enrollment, primary (% net)",SE.PRM.NENR,94.3454208374023
Belarus,BLR,"School enrollment, primary (% gross)",SE.PRM.ENRR,99.5501480102539
Belgium,BEL,"GDP per capita, PPP (constant 2011 international $)",NY.GDP.PCAP.PP.KD,41722.9218634283
Belgium,BEL,"School enrollment, primary (% net)",SE.PRM.NENR,98.0646820068359
Belgium,BEL,"School enrollment, primary (% gross)",SE.PRM.ENRR,103.152961730957
Belize,BLZ,"GDP per capita, PPP (constant 2011 international $)",NY.GDP.PCAP.PP.KD,8061.33183075712
Belize,BLZ,"School enrollment, primary (% net)",SE.PRM.NENR,96.1411590576172
Belize,BLZ,"School enrollment, primary (% gross)",SE.PRM.ENRR,113.138511657715
Benin,BEN,"GDP per capita, PPP (constant 2011 international $)",NY.GDP.PCAP.PP.KD,1987.16714645212
Benin,BEN,"School enrollment, primary (% net)",SE.PRM.NENR,..
Benin,BEN,"School enrollment, primary (% gross)",SE.PRM.ENRR,132.46826171875
Bermuda,BMU,"GDP per capita, PPP (constant 2011 international $)",NY.GDP.PCAP.PP.KD,..
Bermuda,BMU,"School enrollment, primary (% net)",SE.PRM.NENR,..
Bermuda,BMU,"School enrollment, primary (% gross)",SE.PRM.ENRR,90.3485794067383
Bhutan,BTN,"GDP per capita, PPP (constant 2011 international $)",NY.GDP.PCAP.PP.KD,7743.33799567847
Bhutan,BTN,"School enrollment, primary (% net)",SE.PRM.NENR,82.7784729003906
Bhutan,BTN,"School enrollment, primary (% gross)",SE.PRM.ENRR,97.8564224243164
Bolivia,BOL,"GDP per capita, PPP (constant 2011 international $)",NY.GDP.PCAP.PP.KD,6531.51939817124
Bolivia,BOL,"School enrollment, primary (% net)",SE.PRM.NENR,88.4827880859375
Bolivia,BOL,"School enrollment, primary (% gross)",SE.PRM.ENRR,97.1381072998047
Bosnia and Herzegovina,BIH,"GDP per capita, PPP (constant 2011 international $)",NY.GDP.PCAP.PP.KD,10932.0487091922
Bosnia and Herzegovina,BIH,"School enrollment, primary (% net)",SE.PRM.NENR,..
Bosnia and Herzegovina,BIH,"School enrollment, primary (% gross)",SE.PRM.ENRR,..
Botswana,BWA,"GDP per capita, PPP (constant 2011 international $)",NY.GDP.PCAP.PP.KD,15356.457617167
Botswana,BWA,"School enrollment, primary (% net)",SE.PRM.NENR,..
Botswana,BWA,"School enrollment, primary (% gross)",SE.PRM.ENRR,..
Brazil,BRA,"GDP per capita, PPP (constant 2011 international $)",NY.GDP.PCAP.PP.KD,14666.0181678984
Brazil,BRA,"School enrollment, primary (% net)",SE.PRM.NENR,92.6971282958984
Brazil,BRA,"School enrollment, primary (% gross)",SE.PRM.ENRR,115.340789794922
British Virgin Islands,VGB,"GDP per capita, PPP (constant 2011 international $)",NY.GDP.PCAP.PP.KD,..
British Virgin Islands,VGB,"School enrollment, primary (% net)",SE.PRM.NENR,..
British Virgin Islands,VGB,"School enrollment, primary (% gross)",SE.PRM.ENRR,98.9684600830078
Brunei Darussalam,BRN,"GDP per capita, PPP (constant 2011 international $)",NY.GDP.PCAP.PP.KD,74600.1642971982
Brunei Darussalam,BRN,"School enrollment, primary (% net)",SE.PRM.NENR,92.2643127441406
Brunei Darussalam,BRN,"School enrollment, primary (% gross)",SE.PRM.ENRR,105.126602172852
Bulgaria,BGR,"GDP per capita, PPP (constant 2011 international $)",NY.GDP.PCAP.PP.KD,17000.1672471067
Bulgaria,BGR,"School enrollment, primary (% net)",SE.PRM.NENR,93.1626510620117
Bulgaria,BGR,"School enrollment, primary (% gross)",SE.PRM.ENRR,97.0700225830078
Burkina Faso,BFA,"GDP per capita, PPP (constant 2011 international $)",NY.GDP.PCAP.PP.KD,1596.3345381736
Burkina Faso,BFA,"School enrollment, primary (% net)",SE.PRM.NENR,69.389762878418
Burkina Faso,BFA,"School enrollment, primary (% gross)",SE.PRM.ENRR,88.3663330078125
Burundi,BDI,"GDP per capita, PPP (constant 2011 international $)",NY.GDP.PCAP.PP.KD,748.41527127932
Burundi,BDI,"School enrollment, primary (% net)",SE.PRM.NENR,..
Burundi,BDI,"School enrollment, primary (% gross)",SE.PRM.ENRR,134.178039550781
Cabo Verde,CPV,"GDP per capita, PPP (constant 2011 international $)",NY.GDP.PCAP.PP.KD,5918.58844965639
Cabo Verde,CPV,"School enrollment, primary (% net)",SE.PRM.NENR,86.9075622558594
Cabo Verde,CPV,"School enrollment, primary (% gross)",SE.PRM.ENRR,98.3282089233398
Cambodia,KHM,"GDP per capita, PPP (constant 2011 international $)",NY.GDP.PCAP.PP.KD,3290.95245385442
Cambodia,KHM,"School enrollment, primary (% net)",SE.PRM.NENR,95.2889099121094
Cambodia,KHM,"School enrollment, primary (% gross)",SE.PRM.ENRR,117.104217529297
Cameroon,CMR,"GDP per capita, PPP (constant 2011 international $)",NY.GDP.PCAP.PP.KD,3289.06454559229
Cameroon,CMR,"School enrollment, primary (% net)",SE.PRM.NENR,..
Cameroon,CMR,"School enrollment, primary (% gross)",SE.PRM.ENRR,119.238357543945
Canada,CAN,"GDP per capita, PPP (constant 2011 international $)",NY.GDP.PCAP.PP.KD,43149.4758370305
Canada,CAN,"School enrollment, primary (% net)",SE.PRM.NENR,99.5980987548828
Canada,CAN,"School enrollment, primary (% gross)",SE.PRM.ENRR,102.803031921387
Caribbean small states,CSS,"GDP per capita, PPP (constant 2011 international $)",NY.GDP.PCAP.PP.KD,14408.2866755568
Caribbean small states,CSS,"School enrollment, primary (% net)",SE.PRM.NENR,..
Caribbean small states,CSS,"School enrollment, primary (% gross)",SE.PRM.ENRR,100.30322
Cayman Islands,CYM,"GDP per capita, PPP (constant 2011 international $)",NY.GDP.PCAP.PP.KD,..
Cayman Islands,CYM,"School enrollment, primary (% net)",SE.PRM.NENR,..
Cayman Islands,CYM,"School enrollment, primary (% gross)",SE.PRM.ENRR,..
Central African Republic,CAF,"GDP per capita, PPP (constant 2011 international $)",NY.GDP.PCAP.PP.KD,626.410872523764
Central African Republic,CAF,"School enrollment, primary (% net)",SE.PRM.NENR,..
Central African Republic,CAF,"School enrollment, primary (% gross)",SE.PRM.ENRR,..
Central Europe and the Baltics,CEB,"GDP per capita, PPP (constant 2011 international $)",NY.GDP.PCAP.PP.KD,24409.0507605128
Central Europe and the Baltics,CEB,"School enrollment, primary (% net)",SE.PRM.NENR,92.8022994995117
Central Europe and the Baltics,CEB,"School enrollment, primary (% gross)",SE.PRM.ENRR,99.92636
Chad,TCD,"GDP per capita, PPP (constant 2011 international $)",NY.GDP.PCAP.PP.KD,2047.63717935419
Chad,TCD,"School enrollment, primary (% net)",SE.PRM.NENR,..
Chad,TCD,"School enrollment, primary (% gross)",SE.PRM.ENRR,92.7653274536133
Channel Islands,CHI,"GDP per capita, PPP (constant 2011 international $)",NY.GDP.PCAP.PP.KD,..
Channel Islands,CHI,"School enrollment, primary (% net)",SE.PRM.NENR,..
Channel Islands,CHI,"School enrollment, primary (% gross)",SE.PRM.ENRR,..
Chile,CHL,"GDP per capita, PPP (constant 2011 international $)",NY.GDP.PCAP.PP.KD,22536.6176878913
Chile,CHL,"School enrollment, primary (% net)",SE.PRM.NENR,91.5956573486328
Chile,CHL,"School enrollment, primary (% gross)",SE.PRM.ENRR,98.7030334472656
China,CHN,"GDP per capita, PPP (constant 2011 international $)",NY.GDP.PCAP.PP.KD,13569.8915267324
China,CHN,"School enrollment, primary (% net)",SE.PRM.NENR,..
China,CHN,"School enrollment, primary (% gross)",SE.PRM.ENRR,99.3332290649414
Colombia,COL,"GDP per capita, PPP (constant 2011 international $)",NY.GDP.PCAP.PP.KD,12985.3831345266
Colombia,COL,"School enrollment, primary (% net)",SE.PRM.NENR,90.6045684814453
Colombia,COL,"School enrollment, primary (% gross)",SE.PRM.ENRR,113.562721252441
Comoros,COM,"GDP per capita, PPP (constant 2011 international $)",NY.GDP.PCAP.PP.KD,1413.05927704673
Comoros,COM,"School enrollment, primary (% net)",SE.PRM.NENR,..
Comoros,COM,"School enrollment, primary (% gross)",SE.PRM.ENRR,..
"Congo, Dem. Rep.",COD,"GDP per capita, PPP (constant 2011 international $)",NY.GDP.PCAP.PP.KD,750.088577159449
"Congo, Dem. Rep.",COD,"School enrollment, primary (% net)",SE.PRM.NENR,..
"Congo, Dem. Rep.",COD,"School enrollment, primary (% gross)",SE.PRM.ENRR,108.04337310791
"Congo, Rep.",COG,"GDP per capita, PPP (constant 2011 international $)",NY.GDP.PCAP.PP.KD,5542.89298198573
"Congo, Rep.",COG,"School enrollment, primary (% net)",SE.PRM.NENR,..
"Congo, Rep.",COG,"School enrollment, primary (% gross)",SE.PRM.ENRR,..
Costa Rica,CRI,"GDP per capita, PPP (constant 2011 international $)",NY.GDP.PCAP.PP.KD,14914.2067461734
Costa Rica,CRI,"School enrollment, primary (% net)",SE.PRM.NENR,96.3094024658203
Costa Rica,CRI,"School enrollment, primary (% gross)",SE.PRM.ENRR,109.817413330078
Cote d'Ivoire,CIV,"GDP per capita, PPP (constant 2011 international $)",NY.GDP.PCAP.PP.KD,3241.61205578957
Cote d'Ivoire,CIV,"School enrollment, primary (% net)",SE.PRM.NENR,77.7036590576172
Cote d'Ivoire,CIV,"School enrollment, primary (% gross)",SE.PRM.ENRR,91.8023223876953
Croatia,HRV,"GDP per capita, PPP (constant 2011 international $)",NY.GDP.PCAP.PP.KD,20759.0481463138
Croatia,HRV,"School enrollment, primary (% net)",SE.PRM.NENR,88.810661315918
Croatia,HRV,"School enrollment, primary (% gross)",SE.PRM.ENRR,98.0398712158203
Cuba,CUB,"GDP per capita, PPP (constant 2011 international $)",NY.GDP.PCAP.PP.KD,..
Cuba,CUB,"School enrollment, primary (% net)",SE.PRM.NENR,95.3591003417969
Cuba,CUB,"School enrollment, primary (% gross)",SE.PRM.ENRR,100.944152832031
Curacao,CUW,"GDP per capita, PPP (constant 2011 international $)",NY.GDP.PCAP.PP.KD,..
Curacao,CUW,"School enrollment, primary (% net)",SE.PRM.NENR,..
Curacao,CUW,"School enrollment, primary (% gross)",SE.PRM.ENRR,..
Cyprus,CYP,"GDP per capita, PPP (constant 2011 international $)",NY.GDP.PCAP.PP.KD,30549.1009696787
Cyprus,CYP,"School enrollment, primary (% net)",SE.PRM.NENR,97.368522644043
Cyprus,CYP,"School enrollment, primary (% gross)",SE.PRM.ENRR,99.3001174926758
Czech Republic,CZE,"GDP per capita, PPP (constant 2011 international $)",NY.GDP.PCAP.PP.KD,30605.4205211471
Czech Republic,CZE,"School enrollment, primary (% net)",SE.PRM.NENR,..
Czech Republic,CZE,"School enrollment, primary (% gross)",SE.PRM.ENRR,99.4979782104492
Denmark,DNK,"GDP per capita, PPP (constant 2011 international $)",NY.GDP.PCAP.PP.KD,45458.697148831
Denmark,DNK,"School enrollment, primary (% net)",SE.PRM.NENR,98.3776016235352
Denmark,DNK,"School enrollment, primary (% gross)",SE.PRM.ENRR,101.461723327637
Djibouti,DJI,"GDP per capita, PPP (constant 2011 international $)",NY.GDP.PCAP.PP.KD,3139.27353522704
Djibouti,DJI,"School enrollment, primary (% net)",SE.PRM.NENR,55.5927391052246
Djibouti,DJI,"School enrollment, primary (% gross)",SE.PRM.ENRR,64.2113876342773
Dominica,DMA,"GDP per capita, PPP (constant 2011 international $)",NY.GDP.PCAP.PP.KD,9941.89481767398
Dominica,DMA,"School enrollment, primary (% net)",SE.PRM.NENR,..
Dominica,DMA,"School enrollment, primary (% gross)",SE.PRM.ENRR,116.012321472168
Dominican Republic,DOM,"GDP per capita, PPP (constant 2011 international $)",NY.GDP.PCAP.PP.KD,13371.524988334
Dominican Republic,DOM,"School enrollment, primary (% net)",SE.PRM.NENR,86.8852005004883
Dominican Republic,DOM,"School enrollment, primary (% gross)",SE.PRM.ENRR,103.490707397461
Early-demographic dividend,EAR,"GDP per capita, PPP (constant 2011 international $)",NY.GDP.PCAP.PP.KD,8245.50187504073
Early-demographic dividend,EAR,"School enrollment, primary (% net)",SE.PRM.NENR,91.3060531616211
Early-demographic dividend,EAR,"School enrollment, primary (% gross)",SE.PRM.ENRR,106.80065
East Asia & Pacific,EAS,"GDP per capita, PPP (constant 2011 international $)",NY.GDP.PCAP.PP.KD,15133.8650838485
East Asia & Pacific,EAS,"School enrollment, primary (% net)",SE.PRM.NENR,95.3504104614258
East Asia & Pacific,EAS,"School enrollment, primary (% gross)",SE.PRM.ENRR,101.88352
East Asia & Pacific (excluding high income),EAP,"GDP per capita, PPP (constant 2011 international $)",NY.GDP.PCAP.PP.KD,12165.4488397962
East Asia & Pacific (excluding high income),EAP,"School enrollment, primary (% net)",SE.PRM.NENR,95.1534194946289
East Asia & Pacific (excluding high income),EAP,"School enrollment, primary (% gross)",SE.PRM.ENRR,102.07443
East Asia & Pacific (IDA & IBRD countries),TEA,"GDP per capita, PPP (constant 2011 international $)",NY.GDP.PCAP.PP.KD,12294.7346922335
East Asia & Pacific (IDA & IBRD countries),TEA,"School enrollment, primary (% net)",SE.PRM.NENR,95.4126968383789
East Asia & Pacific (IDA & IBRD countries),TEA,"School enrollment, primary (% gross)",SE.PRM.ENRR,102.36509
Ecuador,ECU,"GDP per capita, PPP (constant 2011 international $)",NY.GDP.PCAP.PP.KD,10749.1288738874
Ecuador,ECU,"School enrollment, primary (% net)",SE.PRM.NENR,91.273078918457
Ecuador,ECU,"School enrollment, primary (% gross)",SE.PRM.ENRR,113.817092895508
"Egypt, Arab Rep.",EGY,"GDP per capita, PPP (constant 2011 international $)",NY.GDP.PCAP.PP.KD,10095.6101677121
"Egypt, Arab Rep.",EGY,"School enrollment, primary (% net)",SE.PRM.NENR,..
"Egypt, Arab Rep.",EGY,"School enrollment, primary (% gross)",SE.PRM.ENRR,..
El Salvador,SLV,"GDP per capita, PPP (constant 2011 international $)",NY.GDP.PCAP.PP.KD,7845.15757525445
El Salvador,SLV,"School enrollment, primary (% net)",SE.PRM.NENR,86.1727294921875
El Salvador,SLV,"School enrollment, primary (% gross)",SE.PRM.ENRR,103.112602233887
Equatorial Guinea,GNQ,"GDP per capita, PPP (constant 2011 international $)",NY.GDP.PCAP.PP.KD,27572.5875067327
Equatorial Guinea,GNQ,"School enrollment, primary (% net)",SE.PRM.NENR,43.3441886901855
Equatorial Guinea,GNQ,"School enrollment, primary (% gross)",SE.PRM.ENRR,61.5776100158691
Eritrea,ERI,"GDP per capita, PPP (constant 2011 international $)",NY.GDP.PCAP.PP.KD,..
Eritrea,ERI,"School enrollment, primary (% net)",SE.PRM.NENR,42.4331512451172
Eritrea,ERI,"School enrollment, primary (% gross)",SE.PRM.ENRR,54.0753402709961
Estonia,EST,"GDP per capita, PPP (constant 2011 international $)",NY.GDP.PCAP.PP.KD,27549.5813697378
Estonia,EST,"School enrollment, primary (% net)",SE.PRM.NENR,93.3299179077148
Estonia,EST,"School enrollment, primary (% gross)",SE.PRM.ENRR,96.9854278564453
Ethiopia,ETH,"GDP per capita, PPP (constant 2011 international $)",NY.GDP.PCAP.PP.KD,1533.10763199974
Ethiopia,ETH,"School enrollment, primary (% net)",SE.PRM.NENR,85.4387130737305
Ethiopia,ETH,"School enrollment, primary (% gross)",SE.PRM.ENRR,101.944229125977
Euro area,EMU,"GDP per capita, PPP (constant 2011 international $)",NY.GDP.PCAP.PP.KD,37803.263346743
Euro area,EMU,"School enrollment, primary (% net)",SE.PRM.NENR,97.7051696777344
Euro area,EMU,"School enrollment, primary (% gross)",SE.PRM.ENRR,103.32741
Europe & Central Asia,ECS,"GDP per capita, PPP (constant 2011 international $)",NY.GDP.PCAP.PP.KD,28802.9079396529
Europe & Central Asia,ECS,"School enrollment, primary (% net)",SE.PRM.NENR,96.0765914916992
Europe & Central Asia,ECS,"School enrollment, primary (% gross)",SE.PRM.ENRR,101.85273
Europe & Central Asia (excluding high income),ECA,"GDP per capita, PPP (constant 2011 international $)",NY.GDP.PCAP.PP.KD,18527.6083295747
Europe & Central Asia (excluding high income),ECA,"School enrollment, primary (% net)",SE.PRM.NENR,94.0236587524414
Europe & Central Asia (excluding high income),ECA,"School enrollment, primary (% gross)",SE.PRM.ENRR,99.73761
Europe & Central Asia (IDA & IBRD countries),TEC,"GDP per capita, PPP (constant 2011 international $)",NY.GDP.PCAP.PP.KD,19095.5539876771
Europe & Central Asia (IDA & IBRD countries),TEC,"School enrollment, primary (% net)",SE.PRM.NENR,94.1142272949219
Europe & Central Asia (IDA & IBRD countries),TEC,"School enrollment, primary (% gross)",SE.PRM.ENRR,100.22327
European Union,EUU,"GDP per capita, PPP (constant 2011 international $)",NY.GDP.PCAP.PP.KD,35740.4718545059
European Union,EUU,"School enrollment, primary (% net)",SE.PRM.NENR,97.2537994384766
European Union,EUU,"School enrollment, primary (% gross)",SE.PRM.ENRR,102.98545
Faroe Islands,FRO,"GDP per capita, PPP (constant 2011 international $)",NY.GDP.PCAP.PP.KD,..
Faroe Islands,FRO,"School enrollment, primary (% net)",SE.PRM.NENR,..
Faroe Islands,FRO,"School enrollment, primary (% gross)",SE.PRM.ENRR,..
Fiji,FJI,"GDP per capita, PPP (constant 2011 international $)",NY.GDP.PCAP.PP.KD,8477.6447332114
Fiji,FJI,"School enrollment, primary (% net)",SE.PRM.NENR,97.6449813842773
Fiji,FJI,"School enrollment, primary (% gross)",SE.PRM.ENRR,105.545852661133
Finland,FIN,"GDP per capita, PPP (constant 2011 international $)",NY.GDP.PCAP.PP.KD,38941.7636030551
Finland,FIN,"School enrollment, primary (% net)",SE.PRM.NENR,99.1075210571289
Finland,FIN,"School enrollment, primary (% gross)",SE.PRM.ENRR,100.551109313965
Fragile and conflict affected situations,FCS,"GDP per capita, PPP (constant 2011 international $)",NY.GDP.PCAP.PP.KD,3816.78017507871
Fragile and conflict affected situations,FCS,"School enrollment, primary (% net)",SE.PRM.NENR,75.5299301147461
Fragile and conflict affected situations,FCS,"School enrollment, primary (% gross)",SE.PRM.ENRR,97.47184
France,FRA,"GDP per capita, PPP (constant 2011 international $)",NY.GDP.PCAP.PP.KD,37765.7508688631
France,FRA,"School enrollment, primary (% net)",SE.PRM.NENR,98.7196502685547
France,FRA,"School enrollment, primary (% gross)",SE.PRM.ENRR,107.361419677734
French Polynesia,PYF,"GDP per capita, PPP (constant 2011 international $)",NY.GDP.PCAP.PP.KD,..
French Polynesia,PYF,"School enrollment, primary (% net)",SE.PRM.NENR,..
French Polynesia,PYF,"School enrollment, primary (% gross)",SE.PRM.ENRR,..
Gabon,GAB,"GDP per capita, PPP (constant 2011 international $)",NY.GDP.PCAP.PP.KD,16836.6059057727
Gabon,GAB,"School enrollment, primary (% net)",SE.PRM.NENR,..
Gabon,GAB,"School enrollment, primary (% gross)",SE.PRM.ENRR,..
"Gambia, The",GMB,"GDP per capita, PPP (constant 2011 international $)",NY.GDP.PCAP.PP.KD,1568.02291355603
"Gambia, The",GMB,"School enrollment, primary (% net)",SE.PRM.NENR,73.0555725097656
"Gambia, The",GMB,"School enrollment, primary (% gross)",SE.PRM.ENRR,91.4906692504883
Georgia,GEO,"GDP per capita, PPP (constant 2011 international $)",NY.GDP.PCAP.PP.KD,9025.13314265612
Georgia,GEO,"School enrollment, primary (% net)",SE.PRM.NENR,99.4654998779297
Georgia,GEO,"School enrollment, primary (% gross)",SE.PRM.ENRR,104.319328308105
Germany,DEU,"GDP per capita, PPP (constant 2011 international $)",NY.GDP.PCAP.PP.KD,43937.9471317278
Germany,DEU,"School enrollment, primary (% net)",SE.PRM.NENR,98.6923904418945
Germany,DEU,"School enrollment, primary (% gross)",SE.PRM.ENRR,102.389053344727
Ghana,GHA,"GDP per capita, PPP (constant 2011 international $)",NY.GDP.PCAP.PP.KD,3929.68104354841
Ghana,GHA,"School enrollment, primary (% net)",SE.PRM.NENR,89.5388336181641
Ghana,GHA,"School enrollment, primary (% gross)",SE.PRM.ENRR,108.640327453613
Gibraltar,GIB,"GDP per capita, PPP (constant 2011 international $)",NY.GDP.PCAP.PP.KD,..
Gibraltar,GIB,"School enrollment, primary (% net)",SE.PRM.NENR,..
Gibraltar,GIB,"School enrollment, primary (% gross)",SE.PRM.ENRR,..
Greece,GRC,"GDP per capita, PPP (constant 2011 international $)",NY.GDP.PCAP.PP.KD,24170.3018369872
Greece,GRC,"School enrollment, primary (% net)",SE.PRM.NENR,93.5766220092773
Greece,GRC,"School enrollment, primary (% gross)",SE.PRM.ENRR,95.0495376586914
Greenland,GRL,"GDP per capita, PPP (constant 2011 international $)",NY.GDP.PCAP.PP.KD,..
Greenland,GRL,"School enrollment, primary (% net)",SE.PRM.NENR,..
Greenland,GRL,"School enrollment, primary (% gross)",SE.PRM.ENRR,..
Grenada,GRD,"GDP per capita, PPP (constant 2011 international $)",NY.GDP.PCAP.PP.KD,12757.9662533519
Grenada,GRD,"School enrollment, primary (% net)",SE.PRM.NENR,95.7486190795898
Grenada,GRD,"School enrollment, primary (% gross)",SE.PRM.ENRR,104.850662231445
Guam,GUM,"GDP per capita, PPP (constant 2011 international $)",NY.GDP.PCAP.PP.KD,..
Guam,GUM,"School enrollment, primary (% net)",SE.PRM.NENR,..
Guam,GUM,"School enrollment, primary (% gross)",SE.PRM.ENRR,..
Guatemala,GTM,"GDP per capita, PPP (constant 2011 international $)",NY.GDP.PCAP.PP.KD,7292.71910386634
Guatemala,GTM,"School enrollment, primary (% net)",SE.PRM.NENR,85.2160873413086
Guatemala,GTM,"School enrollment, primary (% gross)",SE.PRM.ENRR,101.512687683105
Guinea,GIN,"GDP per capita, PPP (constant 2011 international $)",NY.GDP.PCAP.PP.KD,1753.0631163132
Guinea,GIN,"School enrollment, primary (% net)",SE.PRM.NENR,..
Guinea,GIN,"School enrollment, primary (% gross)",SE.PRM.ENRR,..
Guinea-Bissau,GNB,"GDP per capita, PPP (constant 2011 international $)",NY.GDP.PCAP.PP.KD,1446.46864908346
Guinea-Bissau,GNB,"School enrollment, primary (% net)",SE.PRM.NENR,..
Guinea-Bissau,GNB,"School enrollment, primary (% gross)",SE.PRM.ENRR,..
Guyana,GUY,"GDP per capita, PPP (constant 2011 international $)",NY.GDP.PCAP.PP.KD,7074.20713695781
Guyana,GUY,"School enrollment, primary (% net)",SE.PRM.NENR,..
Guyana,GUY,"School enrollment, primary (% gross)",SE.PRM.ENRR,..
Haiti,HTI,"GDP per capita, PPP (constant 2011 international $)",NY.GDP.PCAP.PP.KD,1651.22844549164
Haiti,HTI,"School enrollment, primary (% net)",SE.PRM.NENR,..
Haiti,HTI,"School enrollment, primary (% gross)",SE.PRM.ENRR,..
Heavily indebted poor countries (HIPC),HPC,"GDP per capita, PPP (constant 2011 international $)",NY.GDP.PCAP.PP.KD,2067.80242265797
Heavily indebted poor countries (HIPC),HPC,"School enrollment, primary (% net)",SE.PRM.NENR,79.5545883178711
Heavily indebted poor countries (HIPC),HPC,"School enrollment, primary (% gross)",SE.PRM.ENRR,100.32347
High income,HIC,"GDP per capita, PPP (constant 2011 international $)",NY.GDP.PCAP.PP.KD,42872.0374837115
High income,HIC,"School enrollment, primary (% net)",SE.PRM.NENR,95.9866027832031
High income,HIC,"School enrollment, primary (% gross)",SE.PRM.ENRR,102.05837
Honduras,HND,"GDP per capita, PPP (constant 2011 international $)",NY.GDP.PCAP.PP.KD,4311.17639683289
Honduras,HND,"School enrollment, primary (% net)",SE.PRM.NENR,80.8588333129883
Honduras,HND,"School enrollment, primary (% gross)",SE.PRM.ENRR,96.2222671508789
"Hong Kong SAR, China",HKG,"GDP per capita, PPP (constant 2011 international $)",NY.GDP.PCAP.PP.KD,53595.244814402
"Hong Kong SAR, China",HKG,"School enrollment, primary (% net)",SE.PRM.NENR,93.9282379150391
"Hong Kong SAR, China",HKG,"School enrollment, primary (% gross)",SE.PRM.ENRR,109.219932556152
Hungary,HUN,"GDP per capita, PPP (constant 2011 international $)",NY.GDP.PCAP.PP.KD,25034.4507306605
Hungary,HUN,"School enrollment, primary (% net)",SE.PRM.NENR,91.2168884277344
Hungary,HUN,"School enrollment, primary (% gross)",SE.PRM.ENRR,102.301300048828
IBRD only,IBD,"GDP per capita, PPP (constant 2011 international $)",NY.GDP.PCAP.PP.KD,11656.1681211598
IBRD only,IBD,"School enrollment, primary (% net)",SE.PRM.NENR,93.6323394775391
IBRD only,IBD,"School enrollment, primary (% gross)",SE.PRM.ENRR,105.13648
Iceland,ISL,"GDP per capita, PPP (constant 2011 international $)",NY.GDP.PCAP.PP.KD,43048.1249676837
Iceland,ISL,"School enrollment, primary (% net)",SE.PRM.NENR,98.5670776367188
Iceland,ISL,"School enrollment, primary (% gross)",SE.PRM.ENRR,98.6254272460938
IDA & IBRD total,IBT,"GDP per capita, PPP (constant 2011 international $)",NY.GDP.PCAP.PP.KD,9574.77643930428
IDA & IBRD total,IBT,"School enrollment, primary (% net)",SE.PRM.NENR,88.6902389526367
IDA & IBRD total,IBT,"School enrollment, primary (% gross)",SE.PRM.ENRR,103.1968
IDA blend,IDB,"GDP per capita, PPP (constant 2011 international $)",NY.GDP.PCAP.PP.KD,4818.18480197316
IDA blend,IDB,"School enrollment, primary (% net)",SE.PRM.NENR,73.9868621826172
IDA blend,IDB,"School enrollment, primary (% gross)",SE.PRM.ENRR,93.30006
IDA only,IDX,"GDP per capita, PPP (constant 2011 international $)",NY.GDP.PCAP.PP.KD,2560.80587840809
IDA only,IDX,"School enrollment, primary (% net)",SE.PRM.NENR,81.7023391723633
IDA only,IDX,"School enrollment, primary (% gross)",SE.PRM.ENRR,102.01449
IDA total,IDA,"GDP per capita, PPP (constant 2011 international $)",NY.GDP.PCAP.PP.KD,3319.29793206566
IDA total,IDA,"School enrollment, primary (% net)",SE.PRM.NENR,79.2717590332031
IDA total,IDA,"School enrollment, primary (% gross)",SE.PRM.ENRR,99.2692
India,IND,"GDP per capita, PPP (constant 2011 international $)",NY.GDP.PCAP.PP.KD,5754.0645968093
India,IND,"School enrollment, primary (% net)",SE.PRM.NENR,..
India,IND,"School enrollment, primary (% gross)",SE.PRM.ENRR,108.495231628418
Indonesia,IDN,"GDP per capita, PPP (constant 2011 international $)",NY.GDP.PCAP.PP.KD,10367.6952975884
Indonesia,IDN,"School enrollment, primary (% net)",SE.PRM.NENR,..
Indonesia,IDN,"School enrollment, primary (% gross)",SE.PRM.ENRR,104.133338928223
"Iran, Islamic Rep.",IRN,"GDP per capita, PPP (constant 2011 international $)",NY.GDP.PCAP.PP.KD,16500.9005123887
"Iran, Islamic Rep.",IRN,"School enrollment, primary (% net)",SE.PRM.NENR,99.3368988037109
"Iran, Islamic Rep.",IRN,"School enrollment, primary (% gross)",SE.PRM.ENRR,108.60578918457
Iraq,IRQ,"GDP per capita, PPP (constant 2011 international $)",NY.GDP.PCAP.PP.KD,14928.8863956129
Iraq,IRQ,"School enrollment, primary (% net)",SE.PRM.NENR,..
Iraq,IRQ,"School enrollment, primary (% gross)",SE.PRM.ENRR,..
Ireland,IRL,"GDP per capita, PPP (constant 2011 international $)",NY.GDP.PCAP.PP.KD,61543.2077715665
Ireland,IRL,"School enrollment, primary (% net)",SE.PRM.NENR,95.489143371582
Ireland,IRL,"School enrollment, primary (% gross)",SE.PRM.ENRR,101.267379760742
Isle of Man,IMN,"GDP per capita, PPP (constant 2011 international $)",NY.GDP.PCAP.PP.KD,..
Isle of Man,IMN,"School enrollment, primary (% net)",SE.PRM.NENR,..
Isle of Man,IMN,"School enrollment, primary (% gross)",SE.PRM.ENRR,..
Israel,ISR,"GDP per capita, PPP (constant 2011 international $)",NY.GDP.PCAP.PP.KD,32024.3527705394
Israel,ISR,"School enrollment, primary (% net)",SE.PRM.NENR,97.2036514282227
Israel,ISR,"School enrollment, primary (% gross)",SE.PRM.ENRR,104.485870361328
Italy,ITA,"GDP per capita, PPP (constant 2011 international $)",NY.GDP.PCAP.PP.KD,34302.0374026544
Italy,ITA,"School enrollment, primary (% net)",SE.PRM.NENR,97.3316192626953
Italy,ITA,"School enrollment, primary (% gross)",SE.PRM.ENRR,101.179397583008
Jamaica,JAM,"GDP per capita, PPP (constant 2011 international $)",NY.GDP.PCAP.PP.KD,8095.26186704479
Jamaica,JAM,"School enrollment, primary (% net)",SE.PRM.NENR,..
Jamaica,JAM,"School enrollment, primary (% gross)",SE.PRM.ENRR,..
Japan,JPN,"GDP per capita, PPP (constant 2011 international $)",NY.GDP.PCAP.PP.KD,37882.980624441
Japan,JPN,"School enrollment, primary (% net)",SE.PRM.NENR,98.7999420166016
Japan,JPN,"School enrollment, primary (% gross)",SE.PRM.ENRR,98.7999420166016
Jordan,JOR,"GDP per capita, PPP (constant 2011 international $)",NY.GDP.PCAP.PP.KD,8491.05031104045
Jordan,JOR,"School enrollment, primary (% net)",SE.PRM.NENR,..
Jordan,JOR,"School enrollment, primary (% gross)",SE.PRM.ENRR,..
Kazakhstan,KAZ,"GDP per capita, PPP (constant 2011 international $)",NY.GDP.PCAP.PP.KD,23522.2905211907
Kazakhstan,KAZ,"School enrollment, primary (% net)",SE.PRM.NENR,86.3098831176758
Kazakhstan,KAZ,"School enrollment, primary (% gross)",SE.PRM.ENRR,110.702651977539
Kenya,KEN,"GDP per capita, PPP (constant 2011 international $)",NY.GDP.PCAP.PP.KD,2835.64366175991
Kenya,KEN,"School enrollment, primary (% net)",SE.PRM.NENR,..
Kenya,KEN,"School enrollment, primary (% gross)",SE.PRM.ENRR,105.920387268066
Kiribati,KIR,"GDP per capita, PPP (constant 2011 international $)",NY.GDP.PCAP.PP.KD,1967.30151382002
Kiribati,KIR,"School enrollment, primary (% net)",SE.PRM.NENR,95.2004928588867
Kiribati,KIR,"School enrollment, primary (% gross)",SE.PRM.ENRR,104.463409423828
"Korea, Dem. People’s Rep.",PRK,"GDP per capita, PPP (constant 2011 international $)",NY.GDP.PCAP.PP.KD,..
"Korea, Dem. People’s Rep.",PRK,"School enrollment, primary (% net)",SE.PRM.NENR,..
"Korea, Dem. People’s Rep.",PRK,"School enrollment, primary (% gross)",SE.PRM.ENRR,..
"Korea, Rep.",KOR,"GDP per capita, PPP (constant 2011 international $)",NY.GDP.PCAP.PP.KD,34177.6544703221
"Korea, Rep.",KOR,"School enrollment, primary (% net)",SE.PRM.NENR,96.7979278564453
"Korea, Rep.",KOR,"School enrollment, primary (% gross)",SE.PRM.ENRR,97.5880584716797
Kosovo,XKX,"GDP per capita, PPP (constant 2011 international $)",NY.GDP.PCAP.PP.KD,9097.13699053369
Kosovo,XKX,"School enrollment, primary (% net)",SE.PRM.NENR,..
Kosovo,XKX,"School enrollment, primary (% gross)",SE.PRM.ENRR,..
Kuwait,KWT,"GDP per capita, PPP (constant 2011 international $)",NY.GDP.PCAP.PP.KD,68476.3250405689
Kuwait,KWT,"School enrollment, primary (% net)",SE.PRM.NENR,91.757209777832
Kuwait,KWT,"School enrollment, primary (% gross)",SE.PRM.ENRR,102.323516845703
Kyrgyz Republic,KGZ,"GDP per capita, PPP (constant 2011 international $)",NY.GDP.PCAP.PP.KD,3237.60293714448
Kyrgyz Republic,KGZ,"School enrollment, primary (% net)",SE.PRM.NENR,89.4549102783203
Kyrgyz Republic,KGZ,"School enrollment, primary (% gross)",SE.PRM.ENRR,107.876808166504
Lao PDR,LAO,"GDP per capita, PPP (constant 2011 international $)",NY.GDP.PCAP.PP.KD,5755.05950521577
Lao PDR,LAO,"School enrollment, primary (% net)",SE.PRM.NENR,95.6065979003906
Lao PDR,LAO,"School enrollment, primary (% gross)",SE.PRM.ENRR,114.822326660156
Late-demographic dividend,LTE,"GDP per capita, PPP (constant 2011 international $)",NY.GDP.PCAP.PP.KD,15068.4960986634
Late-demographic dividend,LTE,"School enrollment, primary (% net)",SE.PRM.NENR,95.5785598754883
Late-demographic dividend,LTE,"School enrollment, primary (% gross)",SE.PRM.ENRR,102.07704
Latin America & Caribbean,LCN,"GDP per capita, PPP (constant 2011 international $)",NY.GDP.PCAP.PP.KD,14502.5719441842
Latin America & Caribbean,LCN,"School enrollment, primary (% net)",SE.PRM.NENR,92.7060623168945
Latin America & Caribbean,LCN,"School enrollment, primary (% gross)",SE.PRM.ENRR,109.01952
Latin America & Caribbean (excluding high income),LAC,"GDP per capita, PPP (constant 2011 international $)",NY.GDP.PCAP.PP.KD,14038.9801097613
Latin America & Caribbean (excluding high income),LAC,"School enrollment, primary (% net)",SE.PRM.NENR,92.7803192138672
Latin America & Caribbean (excluding high income),LAC,"School enrollment, primary (% gross)",SE.PRM.ENRR,109.41732
Latin America & the Caribbean (IDA & IBRD countries),TLA,"GDP per capita, PPP (constant 2011 international $)",NY.GDP.PCAP.PP.KD,14425.4680030559
Latin America & the Caribbean (IDA & IBRD countries),TLA,"School enrollment, primary (% net)",SE.PRM.NENR,92.7429122924805
Latin America & the Caribbean (IDA & IBRD countries),TLA,"School enrollment, primary (% gross)",SE.PRM.ENRR,109.22971
Latvia,LVA,"GDP per capita, PPP (constant 2011 international $)",NY.GDP.PCAP.PP.KD,23018.8161056707
Latvia,LVA,"School enrollment, primary (% net)",SE.PRM.NENR,94.8804168701172
Latvia,LVA,"School enrollment, primary (% gross)",SE.PRM.ENRR,98.4011306762695
Least developed countries: UN classification,LDC,"GDP per capita, PPP (constant 2011 international $)",NY.GDP.PCAP.PP.KD,2382.36734430748
Least developed countries: UN classification,LDC,"School enrollment, primary (% net)",SE.PRM.NENR,81.6554336547852
Least developed countries: UN classification,LDC,"School enrollment, primary (% gross)",SE.PRM.ENRR,103.18717
Lebanon,LBN,"GDP per capita, PPP (constant 2011 international $)",NY.GDP.PCAP.PP.KD,13352.7133932764
Lebanon,LBN,"School enrollment, primary (% net)",SE.PRM.NENR,81.9027786254883
Lebanon,LBN,"School enrollment, primary (% gross)",SE.PRM.ENRR,92.559700012207
Lesotho,LSO,"GDP per capita, PPP (constant 2011 international $)",NY.GDP.PCAP.PP.KD,2708.1485390433
Lesotho,LSO,"School enrollment, primary (% net)",SE.PRM.NENR,79.5791320800781
Lesotho,LSO,"School enrollment, primary (% gross)",SE.PRM.ENRR,104.749450683594
Liberia,LBR,"GDP per capita, PPP (constant 2011 international $)",NY.GDP.PCAP.PP.KD,785.246886654737
Liberia,LBR,"School enrollment, primary (% net)",SE.PRM.NENR,37.6832695007324
Liberia,LBR,"School enrollment, primary (% gross)",SE.PRM.ENRR,94.089469909668
Libya,LBY,"GDP per capita, PPP (constant 2011 international $)",NY.GDP.PCAP.PP.KD,..
Libya,LBY,"School enrollment, primary (% net)",SE.PRM.NENR,..
Libya,LBY,"School enrollment, primary (% gross)",SE.PRM.ENRR,..
Liechtenstein,LIE,"GDP per capita, PPP (constant 2011 international $)",NY.GDP.PCAP.PP.KD,..
Liechtenstein,LIE,"School enrollment, primary (% net)",SE.PRM.NENR,94.3010406494141
Liechtenstein,LIE,"School enrollment, primary (% gross)",SE.PRM.ENRR,105.665420532227
Lithuania,LTU,"GDP per capita, PPP (constant 2011 international $)",NY.GDP.PCAP.PP.KD,27045.713019289
Lithuania,LTU,"School enrollment, primary (% net)",SE.PRM.NENR,97.8654632568359
Lithuania,LTU,"School enrollment, primary (% gross)",SE.PRM.ENRR,100.217056274414
Low & middle income,LMY,"GDP per capita, PPP (constant 2011 international $)",NY.GDP.PCAP.PP.KD,9407.11396673358
Low & middle income,LMY,"School enrollment, primary (% net)",SE.PRM.NENR,88.6161193847656
Low & middle income,LMY,"School enrollment, primary (% gross)",SE.PRM.ENRR,103.11227
Low income,LIC,"GDP per capita, PPP (constant 2011 international $)",NY.GDP.PCAP.PP.KD,1552.27529765547
Low income,LIC,"School enrollment, primary (% net)",SE.PRM.NENR,79.1755294799805
Low income,LIC,"School enrollment, primary (% gross)",SE.PRM.ENRR,101.02282
Lower middle income,LMC,"GDP per capita, PPP (constant 2011 international $)",NY.GDP.PCAP.PP.KD,6069.86283525465
Lower middle income,LMC,"School enrollment, primary (% net)",SE.PRM.NENR,87.8456878662109
Lower middle income,LMC,"School enrollment, primary (% gross)",SE.PRM.ENRR,103.86855
Luxembourg,LUX,"GDP per capita, PPP (constant 2011 international $)",NY.GDP.PCAP.PP.KD,94088.5922250508
Luxembourg,LUX,"School enrollment, primary (% net)",SE.PRM.NENR,94.582649230957
Luxembourg,LUX,"School enrollment, primary (% gross)",SE.PRM.ENRR,98.6271286010742
"Macao SAR, China",MAC,"GDP per capita, PPP (constant 2011 international $)",NY.GDP.PCAP.PP.KD,100444.559116062
"Macao SAR, China",MAC,"School enrollment, primary (% net)",SE.PRM.NENR,97.8429489135742
"Macao SAR, China",MAC,"School enrollment, primary (% gross)",SE.PRM.ENRR,103.384773254395
"Macedonia, FYR",MKD,"GDP per capita, PPP (constant 2011 international $)",NY.GDP.PCAP.PP.KD,12759.8166020197
"Macedonia, FYR",MKD,"School enrollment, primary (% net)",SE.PRM.NENR,91.7109527587891
"Macedonia, FYR",MKD,"School enrollment, primary (% gross)",SE.PRM.ENRR,93.8876037597656
Madagascar,MDG,"GDP per capita, PPP (constant 2011 international $)",NY.GDP.PCAP.PP.KD,1377.16821260684
Madagascar,MDG,"School enrollment, primary (% net)",SE.PRM.NENR,..
Madagascar,MDG,"School enrollment, primary (% gross)",SE.PRM.ENRR,147.3154296875
Malawi,MWI,"GDP per capita, PPP (constant 2011 international $)",NY.GDP.PCAP.PP.KD,1088.70180507011
Malawi,MWI,"School enrollment, primary (% net)",SE.PRM.NENR,..
Malawi,MWI,"School enrollment, primary (% gross)",SE.PRM.ENRR,141.184814453125
Malaysia,MYS,"GDP per capita, PPP (constant 2011 international $)",NY.GDP.PCAP.PP.KD,25001.6126731494
Malaysia,MYS,"School enrollment, primary (% net)",SE.PRM.NENR,99.5363693237305
Malaysia,MYS,"School enrollment, primary (% gross)",SE.PRM.ENRR,103.291229248047
Maldives,MDV,"GDP per capita, PPP (constant 2011 international $)",NY.GDP.PCAP.PP.KD,13705.0053214825
Maldives,MDV,"School enrollment, primary (% net)",SE.PRM.NENR,96.3451995849609
Maldives,MDV,"School enrollment, primary (% gross)",SE.PRM.ENRR,101.05037689209
Mali,MLI,"GDP per capita, PPP (constant 2011 international $)",NY.GDP.PCAP.PP.KD,1919.2284214274
Mali,MLI,"School enrollment, primary (% net)",SE.PRM.NENR,55.5758094787598
Mali,MLI,"School enrollment, primary (% gross)",SE.PRM.ENRR,75.5932693481445
Malta,MLT,"GDP per capita, PPP (constant 2011 international $)",NY.GDP.PCAP.PP.KD,34272.7484497629
Malta,MLT,"School enrollment, primary (% net)",SE.PRM.NENR,98.4465026855469
Malta,MLT,"School enrollment, primary (% gross)",SE.PRM.ENRR,103.414390563965
Marshall Islands,MHL,"GDP per capita, PPP (constant 2011 international $)",NY.GDP.PCAP.PP.KD,3665.3753730567
Marshall Islands,MHL,"School enrollment, primary (% net)",SE.PRM.NENR,77.3304595947266
Marshall Islands,MHL,"School enrollment, primary (% gross)",SE.PRM.ENRR,93.3998565673828
Mauritania,MRT,"GDP per capita, PPP (constant 2011 international $)",NY.GDP.PCAP.PP.KD,3601.61434961183
Mauritania,MRT,"School enrollment, primary (% net)",SE.PRM.NENR,..
Mauritania,MRT,"School enrollment, primary (% gross)",SE.PRM.ENRR,101.211479187012
Mauritius,MUS,"GDP per capita, PPP (constant 2011 international $)",NY.GDP.PCAP.PP.KD,18864.1056624868
Mauritius,MUS,"School enrollment, primary (% net)",SE.PRM.NENR,96.1365127563477
Mauritius,MUS,"School enrollment, primary (% gross)",SE.PRM.ENRR,102.920539855957
Mexico,MEX,"GDP per capita, PPP (constant 2011 international $)",NY.GDP.PCAP.PP.KD,16671.9119759698
Mexico,MEX,"School enrollment, primary (% net)",SE.PRM.NENR,95.6358871459961
Mexico,MEX,"School enrollment, primary (% gross)",SE.PRM.ENRR,104.117538452148
"Micronesia, Fed. Sts.",FSM,"GDP per capita, PPP (constant 2011 international $)",NY.GDP.PCAP.PP.KD,3271.26702149826
"Micronesia, Fed. Sts.",FSM,"School enrollment, primary (% net)",SE.PRM.NENR,84.0091705322266
"Micronesia, Fed. Sts.",FSM,"School enrollment, primary (% gross)",SE.PRM.ENRR,95.5283966064453
Middle East & North Africa,MEA,"GDP per capita, PPP (constant 2011 international $)",NY.GDP.PCAP.PP.KD,17463.6443779569
Middle East & North Africa,MEA,"School enrollment, primary (% net)",SE.PRM.NENR,92.8061828613281
Middle East & North Africa,MEA,"School enrollment, primary (% gross)",SE.PRM.ENRR,104.48132
Middle East & North Africa (excluding high income),MNA,"GDP per capita, PPP (constant 2011 international $)",NY.GDP.PCAP.PP.KD,11507.6573129563
Middle East & North Africa (excluding high income),MNA,"School enrollment, primary (% net)",SE.PRM.NENR,92.1943664550781
Middle East & North Africa (excluding high income),MNA,"School enrollment, primary (% gross)",SE.PRM.ENRR,103.15495
Middle East & North Africa (IDA & IBRD countries),TMN,"GDP per capita, PPP (constant 2011 international $)",NY.GDP.PCAP.PP.KD,11596.0880240687
Middle East & North Africa (IDA & IBRD countries),TMN,"School enrollment, primary (% net)",SE.PRM.NENR,92.2168884277344
Middle East & North Africa (IDA & IBRD countries),TMN,"School enrollment, primary (% gross)",SE.PRM.ENRR,103.25592
Middle income,MIC,"GDP per capita, PPP (constant 2011 international $)",NY.GDP.PCAP.PP.KD,10319.813071905
Middle income,MIC,"School enrollment, primary (% net)",SE.PRM.NENR,90.5131683349609
Middle income,MIC,"School enrollment, primary (% gross)",SE.PRM.ENRR,103.53053
Moldova,MDA,"GDP per capita, PPP (constant 2011 international $)",NY.GDP.PCAP.PP.KD,4746.78491111423
Moldova,MDA,"School enrollment, primary (% net)",SE.PRM.NENR,86.8547821044922
Moldova,MDA,"School enrollment, primary (% gross)",SE.PRM.ENRR,92.4127807617188
Monaco,MCO,"GDP per capita, PPP (constant 2011 international $)",NY.GDP.PCAP.PP.KD,..
Monaco,MCO,"School enrollment, primary (% net)",SE.PRM.NENR,..
Monaco,MCO,"School enrollment, primary (% gross)",SE.PRM.ENRR,..
Mongolia,MNG,"GDP per capita, PPP (constant 2011 international $)",NY.GDP.PCAP.PP.KD,11411.9421058207
Mongolia,MNG,"School enrollment, primary (% net)",SE.PRM.NENR,96.8528366088867
Mongolia,MNG,"School enrollment, primary (% gross)",SE.PRM.ENRR,101.252326965332
Montenegro,MNE,"GDP per capita, PPP (constant 2011 international $)",NY.GDP.PCAP.PP.KD,15289.7173970979
Montenegro,MNE,"School enrollment, primary (% net)",SE.PRM.NENR,94.0410003662109
Montenegro,MNE,"School enrollment, primary (% gross)",SE.PRM.ENRR,95.4685211181641
Morocco,MAR,"GDP per capita, PPP (constant 2011 international $)",NY.GDP.PCAP.PP.KD,7296.93440143191
Morocco,MAR,"School enrollment, primary (% net)",SE.PRM.NENR,..
Morocco,MAR,"School enrollment, primary (% gross)",SE.PRM.ENRR,109.296821594238
Mozambique,MOZ,"GDP per capita, PPP (constant 2011 international $)",NY.GDP.PCAP.PP.KD,1118.21953612903
Mozambique,MOZ,"School enrollment, primary (% net)",SE.PRM.NENR,89.5662994384766
Mozambique,MOZ,"School enrollment, primary (% gross)",SE.PRM.ENRR,106.31649017334
Myanmar,MMR,"GDP per capita, PPP (constant 2011 international $)",NY.GDP.PCAP.PP.KD,5056.85904071061
Myanmar,MMR,"School enrollment, primary (% net)",SE.PRM.NENR,..
Myanmar,MMR,"School enrollment, primary (% gross)",SE.PRM.ENRR,..
Namibia,NAM,"GDP per capita, PPP (constant 2011 international $)",NY.GDP.PCAP.PP.KD,9964.22299381275
Namibia,NAM,"School enrollment, primary (% net)",SE.PRM.NENR,..
Namibia,NAM,"School enrollment, primary (% gross)",SE.PRM.ENRR,..
Nauru,NRU,"GDP per capita, PPP (constant 2011 international $)",NY.GDP.PCAP.PP.KD,12270.2975919501
Nauru,NRU,"School enrollment, primary (% net)",SE.PRM.NENR,..
Nauru,NRU,"School enrollment, primary (% gross)",SE.PRM.ENRR,..
Nepal,NPL,"GDP per capita, PPP (constant 2011 international $)",NY.GDP.PCAP.PP.KD,2314.27488100624
Nepal,NPL,"School enrollment, primary (% net)",SE.PRM.NENR,96.5344619750977
Nepal,NPL,"School enrollment, primary (% gross)",SE.PRM.ENRR,134.941055297852
Netherlands,NLD,"GDP per capita, PPP (constant 2011 international $)",NY.GDP.PCAP.PP.KD,46494.3642578078
Netherlands,NLD,"School enrollment, primary (% net)",SE.PRM.NENR,96.4220123291016
Netherlands,NLD,"School enrollment, primary (% gross)",SE.PRM.ENRR,102.694976806641
New Caledonia,NCL,"GDP per capita, PPP (constant 2011 international $)",NY.GDP.PCAP.PP.KD,..
New Caledonia,NCL,"School enrollment, primary (% net)",SE.PRM.NENR,..
New Caledonia,NCL,"School enrollment, primary (% gross)",SE.PRM.ENRR,..
New Zealand,NZL,"GDP per capita, PPP (constant 2011 international $)",NY.GDP.PCAP.PP.KD,34646.3136088164
New Zealand,NZL,"School enrollment, primary (% net)",SE.PRM.NENR,97.6683502197266
New Zealand,NZL,"School enrollment, primary (% gross)",SE.PRM.ENRR,97.9427795410156
Nicaragua,NIC,"GDP per capita, PPP (constant 2011 international $)",NY.GDP.PCAP.PP.KD,4960.91241228007
Nicaragua,NIC,"School enrollment, primary (% net)",SE.PRM.NENR,..
Nicaragua,NIC,"School enrollment, primary (% gross)",SE.PRM.ENRR,..
Niger,NER,"GDP per capita, PPP (constant 2011 international $)",NY.GDP.PCAP.PP.KD,904.579781260038
Niger,NER,"School enrollment, primary (% net)",SE.PRM.NENR,61.8176383972168
Niger,NER,"School enrollment, primary (% gross)",SE.PRM.ENRR,71.816291809082
Nigeria,NGA,"GDP per capita, PPP (constant 2011 international $)",NY.GDP.PCAP.PP.KD,5670.63944311419
Nigeria,NGA,"School enrollment, primary (% net)",SE.PRM.NENR,..
Nigeria,NGA,"School enrollment, primary (% gross)",SE.PRM.ENRR,..
North America,NAC,"GDP per capita, PPP (constant 2011 international $)",NY.GDP.PCAP.PP.KD,52037.1014104876
North America,NAC,"School enrollment, primary (% net)",SE.PRM.NENR,93.4890365600586
North America,NAC,"School enrollment, primary (% gross)",SE.PRM.ENRR,99.56814
Northern Mariana Islands,MNP,"GDP per capita, PPP (constant 2011 international $)",NY.GDP.PCAP.PP.KD,..
Northern Mariana Islands,MNP,"School enrollment, primary (% net)",SE.PRM.NENR,..
Northern Mariana Islands,MNP,"School enrollment, primary (% gross)",SE.PRM.ENRR,..
Norway,NOR,"GDP per capita, PPP (constant 2011 international $)",NY.GDP.PCAP.PP.KD,64008.2868303461
Norway,NOR,"School enrollment, primary (% net)",SE.PRM.NENR,99.7658920288086
Norway,NOR,"School enrollment, primary (% gross)",SE.PRM.ENRR,99.9040069580078
Not classified,INX,"GDP per capita, PPP (constant 2011 international $)",NY.GDP.PCAP.PP.KD,..
Not classified,INX,"School enrollment, primary (% net)",SE.PRM.NENR,..
Not classified,INX,"School enrollment, primary (% gross)",SE.PRM.ENRR,..
OECD members,OED,"GDP per capita, PPP (constant 2011 international $)",NY.GDP.PCAP.PP.KD,38413.9244482205
OECD members,OED,"School enrollment, primary (% net)",SE.PRM.NENR,95.8276672363281
OECD members,OED,"School enrollment, primary (% gross)",SE.PRM.ENRR,101.70448
Oman,OMN,"GDP per capita, PPP (constant 2011 international $)",NY.GDP.PCAP.PP.KD,40138.9517247553
Oman,OMN,"School enrollment, primary (% net)",SE.PRM.NENR,94.2553405761719
Oman,OMN,"School enrollment, primary (% gross)",SE.PRM.ENRR,109.047813415527
Other small states,OSS,"GDP per capita, PPP (constant 2011 international $)",NY.GDP.PCAP.PP.KD,23280.6142789447
Other small states,OSS,"School enrollment, primary (% net)",SE.PRM.NENR,81.8467102050781
Other small states,OSS,"School enrollment, primary (% gross)",SE.PRM.ENRR,104.36128
Pacific island small states,PSS,"GDP per capita, PPP (constant 2011 international $)",NY.GDP.PCAP.PP.KD,5259.54758693613
Pacific island small states,PSS,"School enrollment, primary (% net)",SE.PRM.NENR,86.532341003418
Pacific island small states,PSS,"School enrollment, primary (% gross)",SE.PRM.ENRR,108.997
Pakistan,PAK,"GDP per capita, PPP (constant 2011 international $)",NY.GDP.PCAP.PP.KD,4695.69987892337
Pakistan,PAK,"School enrollment, primary (% net)",SE.PRM.NENR,73.6060562133789
Pakistan,PAK,"School enrollment, primary (% gross)",SE.PRM.ENRR,92.4091491699219
Palau,PLW,"GDP per capita, PPP (constant 2011 international $)",NY.GDP.PCAP.PP.KD,14982.4075384001
Palau,PLW,"School enrollment, primary (% net)",SE.PRM.NENR,..
Palau,PLW,"School enrollment, primary (% gross)",SE.PRM.ENRR,..
Panama,PAN,"GDP per capita, PPP (constant 2011 international $)",NY.GDP.PCAP.PP.KD,20674.2997280087
Panama,PAN,"School enrollment, primary (% net)",SE.PRM.NENR,87.2092514038086
Panama,PAN,"School enrollment, primary (% gross)",SE.PRM.ENRR,95.9894409179688
Papua New Guinea,PNG,"GDP per capita, PPP (constant 2011 international $)",NY.GDP.PCAP.PP.KD,3866.51352904272
Papua New Guinea,PNG,"School enrollment, primary (% net)",SE.PRM.NENR,..
Papua New Guinea,PNG,"School enrollment, primary (% gross)",SE.PRM.ENRR,..
Paraguay,PRY,"GDP per capita, PPP (constant 2011 international $)",NY.GDP.PCAP.PP.KD,8639.28684970737
Paraguay,PRY,"School enrollment, primary (% net)",SE.PRM.NENR,..
Paraguay,PRY,"School enrollment, primary (% gross)",SE.PRM.ENRR,..
Peru,PER,"GDP per capita, PPP (constant 2011 international $)",NY.GDP.PCAP.PP.KD,11767.5217406878
Peru,PER,"School enrollment, primary (% net)",SE.PRM.NENR,94.081672668457
Peru,PER,"School enrollment, primary (% gross)",SE.PRM.ENRR,101.695106506348
Philippines,PHL,"GDP per capita, PPP (constant 2011 international $)",NY.GDP.PCAP.PP.KD,6874.58256556192
Philippines,PHL,"School enrollment, primary (% net)",SE.PRM.NENR,95.7163162231445
Philippines,PHL,"School enrollment, primary (% gross)",SE.PRM.ENRR,113.007041931152
Poland,POL,"GDP per capita, PPP (constant 2011 international $)",NY.GDP.PCAP.PP.KD,25299.9743484897
Poland,POL,"School enrollment, primary (% net)",SE.PRM.NENR,95.0003890991211
Poland,POL,"School enrollment, primary (% gross)",SE.PRM.ENRR,104.975028991699
Portugal,PRT,"GDP per capita, PPP (constant 2011 international $)",NY.GDP.PCAP.PP.KD,26607.8331233896
Portugal,PRT,"School enrollment, primary (% net)",SE.PRM.NENR,97.0022811889648
Portugal,PRT,"School enrollment, primary (% gross)",SE.PRM.ENRR,106.46703338623
Post-demographic dividend,PST,"GDP per capita, PPP (constant 2011 international $)",NY.GDP.PCAP.PP.KD,40930.8250204917
Post-demographic dividend,PST,"School enrollment, primary (% net)",SE.PRM.NENR,95.9319076538086
Post-demographic dividend,PST,"School enrollment, primary (% gross)",SE.PRM.ENRR,100.59589
Pre-demographic dividend,PRE,"GDP per capita, PPP (constant 2011 international $)",NY.GDP.PCAP.PP.KD,3491.99948551991
Pre-demographic dividend,PRE,"School enrollment, primary (% net)",SE.PRM.NENR,75.1776275634766
Pre-demographic dividend,PRE,"School enrollment, primary (% gross)",SE.PRM.ENRR,96.31452
Puerto Rico,PRI,"GDP per capita, PPP (constant 2011 international $)",NY.GDP.PCAP.PP.KD,35291.8035605986
Puerto Rico,PRI,"School enrollment, primary (% net)",SE.PRM.NENR,78.7532577514648
Puerto Rico,PRI,"School enrollment, primary (% gross)",SE.PRM.ENRR,86.6929397583008
Qatar,QAT,"GDP per capita, PPP (constant 2011 international $)",NY.GDP.PCAP.PP.KD,119749.428536152
Qatar,QAT,"School enrollment, primary (% net)",SE.PRM.NENR,92.1139678955078
Qatar,QAT,"School enrollment, primary (% gross)",SE.PRM.ENRR,102.997619628906
Romania,ROU,"GDP per capita, PPP (constant 2011 international $)",NY.GDP.PCAP.PP.KD,20545.077142089
Romania,ROU,"School enrollment, primary (% net)",SE.PRM.NENR,87.5066375732422
Romania,ROU,"School enrollment, primary (% gross)",SE.PRM.ENRR,90.4418792724609
Russian Federation,RUS,"GDP per capita, PPP (constant 2011 international $)",NY.GDP.PCAP.PP.KD,24516.549950283
Russian Federation,RUS,"School enrollment, primary (% net)",SE.PRM.NENR,96.5266418457031
Russian Federation,RUS,"School enrollment, primary (% gross)",SE.PRM.ENRR,100.681777954102
Rwanda,RWA,"GDP per capita, PPP (constant 2011 international $)",NY.GDP.PCAP.PP.KD,1715.88707382713
Rwanda,RWA,"School enrollment, primary (% net)",SE.PRM.NENR,..
Rwanda,RWA,"School enrollment, primary (% gross)",SE.PRM.ENRR,135.501373291016
Samoa,WSM,"GDP per capita, PPP (constant 2011 international $)",NY.GDP.PCAP.PP.KD,5558.79187892505
Samoa,WSM,"School enrollment, primary (% net)",SE.PRM.NENR,95.9240188598633
Samoa,WSM,"School enrollment, primary (% gross)",SE.PRM.ENRR,106.567642211914
San Marino,SMR,"GDP per capita, PPP (constant 2011 international $)",NY.GDP.PCAP.PP.KD,56372.3624231511
San Marino,SMR,"School enrollment, primary (% net)",SE.PRM.NENR,..
San Marino,SMR,"School enrollment, primary (% gross)",SE.PRM.ENRR,..
Sao Tome and Principe,STP,"GDP per capita, PPP (constant 2011 international $)",NY.GDP.PCAP.PP.KD,2946.79672587963
Sao Tome and Principe,STP,"School enrollment, primary (% net)",SE.PRM.NENR,90.6035614013672
Sao Tome and Principe,STP,"School enrollment, primary (% gross)",SE.PRM.ENRR,108.44490814209
Saudi Arabia,SAU,"GDP per capita, PPP (constant 2011 international $)",NY.GDP.PCAP.PP.KD,50723.7126450691
Saudi Arabia,SAU,"School enrollment, primary (% net)",SE.PRM.NENR,..
Saudi Arabia,SAU,"School enrollment, primary (% gross)",SE.PRM.ENRR,120.64363861084
Senegal,SEN,"GDP per capita, PPP (constant 2011 international $)",NY.GDP.PCAP.PP.KD,2293.85353926578
Senegal,SEN,"School enrollment, primary (% net)",SE.PRM.NENR,72.6199798583984
Senegal,SEN,"School enrollment, primary (% gross)",SE.PRM.ENRR,83.5215606689453
Serbia,SRB,"GDP per capita, PPP (constant 2011 international $)",NY.GDP.PCAP.PP.KD,13277.8001173574
Serbia,SRB,"School enrollment, primary (% net)",SE.PRM.NENR,96.3022613525391
Serbia,SRB,"School enrollment, primary (% gross)",SE.PRM.ENRR,101.342918395996
Seychelles,SYC,"GDP per capita, PPP (constant 2011 international $)",NY.GDP.PCAP.PP.KD,25524.9550030472
Seychelles,SYC,"School enrollment, primary (% net)",SE.PRM.NENR,..
Seychelles,SYC,"School enrollment, primary (% gross)",SE.PRM.ENRR,116.093139648438
Sierra Leone,SLE,"GDP per capita, PPP (constant 2011 international $)",NY.GDP.PCAP.PP.KD,1315.97353345481
Sierra Leone,SLE,"School enrollment, primary (% net)",SE.PRM.NENR,92.3749237060547
Sierra Leone,SLE,"School enrollment, primary (% gross)",SE.PRM.ENRR,112.749710083008
Singapore,SGP,"GDP per capita, PPP (constant 2011 international $)",NY.GDP.PCAP.PP.KD,80892.064838207
Singapore,SGP,"School enrollment, primary (% net)",SE.PRM.NENR,..
Singapore,SGP,"School enrollment, primary (% gross)",SE.PRM.ENRR,..
Sint Maarten (Dutch part),SXM,"GDP per capita, PPP (constant 2011 international $)",NY.GDP.PCAP.PP.KD,..
Sint Maarten (Dutch part),SXM,"School enrollment, primary (% net)",SE.PRM.NENR,..
Sint Maarten (Dutch part),SXM,"School enrollment, primary (% gross)",SE.PRM.ENRR,..
Slovak Republic,SVK,"GDP per capita, PPP (constant 2011 international $)",NY.GDP.PCAP.PP.KD,28308.8797698535
Slovak Republic,SVK,"School enrollment, primary (% net)",SE.PRM.NENR,..
Slovak Republic,SVK,"School enrollment, primary (% gross)",SE.PRM.ENRR,98.5226135253906
Slovenia,SVN,"GDP per capita, PPP (constant 2011 international $)",NY.GDP.PCAP.PP.KD,29037.7416756681
Slovenia,SVN,"School enrollment, primary (% net)",SE.PRM.NENR,97.7742614746094
Slovenia,SVN,"School enrollment, primary (% gross)",SE.PRM.ENRR,99.3842163085938
Small states,SST,"GDP per capita, PPP (constant 2011 international $)",NY.GDP.PCAP.PP.KD,20547.7998375001
Small states,SST,"School enrollment, primary (% net)",SE.PRM.NENR,83.8649215698242
Small states,SST,"School enrollment, primary (% gross)",SE.PRM.ENRR,104.04486
Solomon Islands,SLB,"GDP per capita, PPP (constant 2011 international $)",NY.GDP.PCAP.PP.KD,2053.43880617515
Solomon Islands,SLB,"School enrollment, primary (% net)",SE.PRM.NENR,70.5851821899414
Solomon Islands,SLB,"School enrollment, primary (% gross)",SE.PRM.ENRR,113.531997680664
Somalia,SOM,"GDP per capita, PPP (constant 2011 international $)",NY.GDP.PCAP.PP.KD,..
Somalia,SOM,"School enrollment, primary (% net)",SE.PRM.NENR,..
Somalia,SOM,"School enrollment, primary (% gross)",SE.PRM.ENRR,..
South Africa,ZAF,"GDP per capita, PPP (constant 2011 international $)",NY.GDP.PCAP.PP.KD,12362.5838136118
South Africa,ZAF,"School enrollment, primary (% net)",SE.PRM.NENR,80.0298309326172
South Africa,ZAF,"School enrollment, primary (% gross)",SE.PRM.ENRR,102.79988861084
South Asia,SAS,"GDP per capita, PPP (constant 2011 international $)",NY.GDP.PCAP.PP.KD,5330.6561096369
South Asia,SAS,"School enrollment, primary (% net)",SE.PRM.NENR,90.3588104248047
South Asia,SAS,"School enrollment, primary (% gross)",SE.PRM.ENRR,107.93628
South Asia (IDA & IBRD),TSA,"GDP per capita, PPP (constant 2011 international $)",NY.GDP.PCAP.PP.KD,5330.6561096369
South Asia (IDA & IBRD),TSA,"School enrollment, primary (% net)",SE.PRM.NENR,90.3588104248047
South Asia (IDA & IBRD),TSA,"School enrollment, primary (% gross)",SE.PRM.ENRR,107.93628
South Sudan,SSD,"GDP per capita, PPP (constant 2011 international $)",NY.GDP.PCAP.PP.KD,1808.16171419844
South Sudan,SSD,"School enrollment, primary (% net)",SE.PRM.NENR,32.1198081970215
South Sudan,SSD,"School enrollment, primary (% gross)",SE.PRM.ENRR,66.5893402099609
Spain,ESP,"GDP per capita, PPP (constant 2011 international $)",NY.GDP.PCAP.PP.KD,32291.1551993266
Spain,ESP,"School enrollment, primary (% net)",SE.PRM.NENR,98.8577575683594
Spain,ESP,"School enrollment, primary (% gross)",SE.PRM.ENRR,104.431060791016
Sri Lanka,LKA,"GDP per capita, PPP (constant 2011 international $)",NY.GDP.PCAP.PP.KD,11061.8435849116
Sri Lanka,LKA,"School enrollment, primary (% net)",SE.PRM.NENR,98.9374008178711
Sri Lanka,LKA,"School enrollment, primary (% gross)",SE.PRM.ENRR,101.67652130127
St. Kitts and Nevis,KNA,"GDP per capita, PPP (constant 2011 international $)",NY.GDP.PCAP.PP.KD,24169.8597877612
St. Kitts and Nevis,KNA,"School enrollment, primary (% net)",SE.PRM.NENR,..
St. Kitts and Nevis,KNA,"School enrollment, primary (% gross)",SE.PRM.ENRR,..
St. Lucia,LCA,"GDP per capita, PPP (constant 2011 international $)",NY.GDP.PCAP.PP.KD,11954.3612196906
St. Lucia,LCA,"School enrollment, primary (% net)",SE.PRM.NENR,..
St. Lucia,LCA,"School enrollment, primary (% gross)",SE.PRM.ENRR,..
St. Martin (French part),MAF,"GDP per capita, PPP (constant 2011 international $)",NY.GDP.PCAP.PP.KD,..
St. Martin (French part),MAF,"School enrollment, primary (% net)",SE.PRM.NENR,..
St. Martin (French part),MAF,"School enrollment, primary (% gross)",SE.PRM.ENRR,..
St. Vincent and the Grenadines,VCT,"GDP per capita, PPP (constant 2011 international $)",NY.GDP.PCAP.PP.KD,10447.5283888551
St. Vincent and the Grenadines,VCT,"School enrollment, primary (% net)",SE.PRM.NENR,93.9759368896484
St. Vincent and the Grenadines,VCT,"School enrollment, primary (% gross)",SE.PRM.ENRR,104.537628173828
Sub-Saharan Africa,SSF,"GDP per capita, PPP (constant 2011 international $)",NY.GDP.PCAP.PP.KD,3492.57169919761
Sub-Saharan Africa,SSF,"School enrollment, primary (% net)",SE.PRM.NENR,77.2450866699219
Sub-Saharan Africa,SSF,"School enrollment, primary (% gross)",SE.PRM.ENRR,97.2543
Sub-Saharan Africa (excluding high income),SSA,"GDP per capita, PPP (constant 2011 international $)",NY.GDP.PCAP.PP.KD,3490.5255555181
Sub-Saharan Africa (excluding high income),SSA,"School enrollment, primary (% net)",SE.PRM.NENR,77.2440338134766
Sub-Saharan Africa (excluding high income),SSA,"School enrollment, primary (% gross)",SE.PRM.ENRR,97.25342
Sub-Saharan Africa (IDA & IBRD countries),TSS,"GDP per capita, PPP (constant 2011 international $)",NY.GDP.PCAP.PP.KD,3492.57169919761
Sub-Saharan Africa (IDA & IBRD countries),TSS,"School enrollment, primary (% net)",SE.PRM.NENR,77.2450866699219
Sub-Saharan Africa (IDA & IBRD countries),TSS,"School enrollment, primary (% gross)",SE.PRM.ENRR,97.2543
Sudan,SDN,"GDP per capita, PPP (constant 2011 international $)",NY.GDP.PCAP.PP.KD,4290.37224949542
Sudan,SDN,"School enrollment, primary (% net)",SE.PRM.NENR,..
Sudan,SDN,"School enrollment, primary (% gross)",SE.PRM.ENRR,73.5941009521484
Suriname,SUR,"GDP per capita, PPP (constant 2011 international $)",NY.GDP.PCAP.PP.KD,14766.7991795839
Suriname,SUR,"School enrollment, primary (% net)",SE.PRM.NENR,92.0260696411133
Suriname,SUR,"School enrollment, primary (% gross)",SE.PRM.ENRR,121.117866516113
Swaziland,SWZ,"GDP per capita, PPP (constant 2011 international $)",NY.GDP.PCAP.PP.KD,7758.49556272489
Swaziland,SWZ,"School enrollment, primary (% net)",SE.PRM.NENR,76.1555023193359
Swaziland,SWZ,"School enrollment, primary (% gross)",SE.PRM.ENRR,107.865951538086
Sweden,SWE,"GDP per capita, PPP (constant 2011 international $)",NY.GDP.PCAP.PP.KD,45679.2779973863
Sweden,SWE,"School enrollment, primary (% net)",SE.PRM.NENR,99.3757476806641
Sweden,SWE,"School enrollment, primary (% gross)",SE.PRM.ENRR,122.938789367676
Switzerland,CHE,"GDP per capita, PPP (constant 2011 international $)",NY.GDP.PCAP.PP.KD,57264.1573970635
Switzerland,CHE,"School enrollment, primary (% net)",SE.PRM.NENR,93.3190002441406
Switzerland,CHE,"School enrollment, primary (% gross)",SE.PRM.ENRR,103.946617126465
Syrian Arab Republic,SYR,"GDP per capita, PPP (constant 2011 international $)",NY.GDP.PCAP.PP.KD,..
Syrian Arab Republic,SYR,"School enrollment, primary (% net)",SE.PRM.NENR,..
Syrian Arab Republic,SYR,"School enrollment, primary (% gross)",SE.PRM.ENRR,..
Tajikistan,TJK,"GDP per capita, PPP (constant 2011 international $)",NY.GDP.PCAP.PP.KD,2640.58951957932
Tajikistan,TJK,"School enrollment, primary (% net)",SE.PRM.NENR,94.3511123657227
Tajikistan,TJK,"School enrollment, primary (% gross)",SE.PRM.ENRR,95.1809234619141
Tanzania,TZA,"GDP per capita, PPP (constant 2011 international $)",NY.GDP.PCAP.PP.KD,2490.95710056538
Tanzania,TZA,"School enrollment, primary (% net)",SE.PRM.NENR,..
Tanzania,TZA,"School enrollment, primary (% gross)",SE.PRM.ENRR,80.7431335449219
Thailand,THA,"GDP per capita, PPP (constant 2011 international $)",NY.GDP.PCAP.PP.KD,15236.7064646295
Thailand,THA,"School enrollment, primary (% net)",SE.PRM.NENR,89.6202774047852
Thailand,THA,"School enrollment, primary (% gross)",SE.PRM.ENRR,100.586410522461
Timor-Leste,TLS,"GDP per capita, PPP (constant 2011 international $)",NY.GDP.PCAP.PP.KD,1920.15047232755
Timor-Leste,TLS,"School enrollment, primary (% net)",SE.PRM.NENR,83.7419815063477
Timor-Leste,TLS,"School enrollment, primary (% gross)",SE.PRM.ENRR,116.409530639648
Togo,TGO,"GDP per capita, PPP (constant 2011 international $)",NY.GDP.PCAP.PP.KD,1349.371568389
Togo,TGO,"School enrollment, primary (% net)",SE.PRM.NENR,94.5440979003906
Togo,TGO,"School enrollment, primary (% gross)",SE.PRM.ENRR,119.759536743164
Tonga,TON,"GDP per capita, PPP (constant 2011 international $)",NY.GDP.PCAP.PP.KD,5189.84245337396
Tonga,TON,"School enrollment, primary (% net)",SE.PRM.NENR,..
Tonga,TON,"School enrollment, primary (% gross)",SE.PRM.ENRR,..
Trinidad and Tobago,TTO,"GDP per capita, PPP (constant 2011 international $)",NY.GDP.PCAP.PP.KD,31283.4580149669
Trinidad and Tobago,TTO,"School enrollment, primary (% net)",SE.PRM.NENR,..
Trinidad and Tobago,TTO,"School enrollment, primary (% gross)",SE.PRM.ENRR,..
Tunisia,TUN,"GDP per capita, PPP (constant 2011 international $)",NY.GDP.PCAP.PP.KD,10749.8591674414
Tunisia,TUN,"School enrollment, primary (% net)",SE.PRM.NENR,..
Tunisia,TUN,"School enrollment, primary (% gross)",SE.PRM.ENRR,114.344627380371
Turkey,TUR,"GDP per capita, PPP (constant 2011 international $)",NY.GDP.PCAP.PP.KD,23388.4813019367
Turkey,TUR,"School enrollment, primary (% net)",SE.PRM.NENR,94.8689270019531
Turkey,TUR,"School enrollment, primary (% gross)",SE.PRM.ENRR,103.285369873047
Turkmenistan,TKM,"GDP per capita, PPP (constant 2011 international $)",NY.GDP.PCAP.PP.KD,14992.3231371601
Turkmenistan,TKM,"School enrollment, primary (% net)",SE.PRM.NENR,..
Turkmenistan,TKM,"School enrollment, primary (% gross)",SE.PRM.ENRR,..
Turks and Caicos Islands,TCA,"GDP per capita, PPP (constant 2011 international $)",NY.GDP.PCAP.PP.KD,..
Turks and Caicos Islands,TCA,"School enrollment, primary (% net)",SE.PRM.NENR,..
Turks and Caicos Islands,TCA,"School enrollment, primary (% gross)",SE.PRM.ENRR,..
Tuvalu,TUV,"GDP per capita, PPP (constant 2011 international $)",NY.GDP.PCAP.PP.KD,3323.79725385961
Tuvalu,TUV,"School enrollment, primary (% net)",SE.PRM.NENR,..
Tuvalu,TUV,"School enrollment, primary (% gross)",SE.PRM.ENRR,119.230766296387
Uganda,UGA,"GDP per capita, PPP (constant 2011 international $)",NY.GDP.PCAP.PP.KD,1665.94990533074
Uganda,UGA,"School enrollment, primary (% net)",SE.PRM.NENR,..
Uganda,UGA,"School enrollment, primary (% gross)",SE.PRM.ENRR,98.0790634155273
Ukraine,UKR,"GDP per capita, PPP (constant 2011 international $)",NY.GDP.PCAP.PP.KD,7464.93983359294
Ukraine,UKR,"School enrollment, primary (% net)",SE.PRM.NENR,..
Ukraine,UKR,"School enrollment, primary (% gross)",SE.PRM.ENRR,..
United Arab Emirates,ARE,"GDP per capita, PPP (constant 2011 international $)",NY.GDP.PCAP.PP.KD,65975.3755468552
United Arab Emirates,ARE,"School enrollment, primary (% net)",SE.PRM.NENR,93.3894271850586
United Arab Emirates,ARE,"School enrollment, primary (% gross)",SE.PRM.ENRR,113.546508789063
United Kingdom,GBR,"GDP per capita, PPP (constant 2011 international $)",NY.GDP.PCAP.PP.KD,38839.1669568199
United Kingdom,GBR,"School enrollment, primary (% net)",SE.PRM.NENR,99.9419708251953
United Kingdom,GBR,"School enrollment, primary (% gross)",SE.PRM.ENRR,101.909240722656
United States,USA,"GDP per capita, PPP (constant 2011 international $)",NY.GDP.PCAP.PP.KD,53029.2933612438
United States,USA,"School enrollment, primary (% net)",SE.PRM.NENR,92.9419784545898
United States,USA,"School enrollment, primary (% gross)",SE.PRM.ENRR,99.2794418334961
Upper middle income,UMC,"GDP per capita, PPP (constant 2011 international $)",NY.GDP.PCAP.PP.KD,15268.6872017724
Upper middle income,UMC,"School enrollment, primary (% net)",SE.PRM.NENR,94.9492568969727
Upper middle income,UMC,"School enrollment, primary (% gross)",SE.PRM.ENRR,102.96841
Uruguay,URY,"GDP per capita, PPP (constant 2011 international $)",NY.GDP.PCAP.PP.KD,19831.4458942372
Uruguay,URY,"School enrollment, primary (% net)",SE.PRM.NENR,97.2386779785156
Uruguay,URY,"School enrollment, primary (% gross)",SE.PRM.ENRR,107.423179626465
Uzbekistan,UZB,"GDP per capita, PPP (constant 2011 international $)",NY.GDP.PCAP.PP.KD,5700.23602764231
Uzbekistan,UZB,"School enrollment, primary (% net)",SE.PRM.NENR,94.4095306396484
Uzbekistan,UZB,"School enrollment, primary (% gross)",SE.PRM.ENRR,99.4070281982422
Vanuatu,VUT,"GDP per capita, PPP (constant 2011 international $)",NY.GDP.PCAP.PP.KD,2806.7896863444
Vanuatu,VUT,"School enrollment, primary (% net)",SE.PRM.NENR,85.8159866333008
Vanuatu,VUT,"School enrollment, primary (% gross)",SE.PRM.ENRR,119.708618164063
"Venezuela, RB",VEN,"GDP per capita, PPP (constant 2011 international $)",NY.GDP.PCAP.PP.KD,..
"Venezuela, RB",VEN,"School enrollment, primary (% net)",SE.PRM.NENR,89.4771423339844
"Venezuela, RB",VEN,"School enrollment, primary (% gross)",SE.PRM.ENRR,99.5773696899414
Vietnam,VNM,"GDP per capita, PPP (constant 2011 international $)",NY.GDP.PCAP.PP.KD,5554.85805564661
Vietnam,VNM,"School enrollment, primary (% net)",SE.PRM.NENR,..
Vietnam,VNM,"School enrollment, primary (% gross)",SE.PRM.ENRR,108.715461730957
Virgin Islands (U.S.),VIR,"GDP per capita, PPP (constant 2011 international $)",NY.GDP.PCAP.PP.KD,..
Virgin Islands (U.S.),VIR,"School enrollment, primary (% net)",SE.PRM.NENR,..
Virgin Islands (U.S.),VIR,"School enrollment, primary (% gross)",SE.PRM.ENRR,..
West Bank and Gaza,PSE,"GDP per capita, PPP (constant 2011 international $)",NY.GDP.PCAP.PP.KD,4339.10369305975
West Bank and Gaza,PSE,"School enrollment, primary (% net)",SE.PRM.NENR,90.2396392822266
West Bank and Gaza,PSE,"School enrollment, primary (% gross)",SE.PRM.ENRR,94.3918304443359
World,WLD,"GDP per capita, PPP (constant 2011 international $)",NY.GDP.PCAP.PP.KD,14766.537605517
World,WLD,"School enrollment, primary (% net)",SE.PRM.NENR,89.4011993408203
World,WLD,"School enrollment, primary (% gross)",SE.PRM.ENRR,102.99883
"Yemen, Rep.",YEM,"GDP per capita, PPP (constant 2011 international $)",NY.GDP.PCAP.PP.KD,2641.04582911357
"Yemen, Rep.",YEM,"School enrollment, primary (% net)",SE.PRM.NENR,..
"Yemen, Rep.",YEM,"School enrollment, primary (% gross)",SE.PRM.ENRR,..
Zambia,ZMB,"GDP per capita, PPP (constant 2011 international $)",NY.GDP.PCAP.PP.KD,3627.20204093772
Zambia,ZMB,"School enrollment, primary (% net)",SE.PRM.NENR,..
Zambia,ZMB,"School enrollment, primary (% gross)",SE.PRM.ENRR,..
Zimbabwe,ZWE,"GDP per capita, PPP (constant 2011 international $)",NY.GDP.PCAP.PP.KD,1912.28026439598
Zimbabwe,ZWE,"School enrollment, primary (% net)",SE.PRM.NENR,..
Zimbabwe,ZWE,"School enrollment, primary (% gross)",SE.PRM.ENRR,..
,,,,
,,,,
,,,,
Data from database: World Development Indicators,,,,
Last Updated: 05/21/2018,,,,
